{
  "selected_model": "lightgbm",
  "dataset_branch": "tree",
  "best_params": {
    "n_estimators": 765,
    "max_depth": 7,
    "learning_rate": 0.029872048485663542,
    "subsample": 0.9142387618410608,
    "colsample_bytree": 0.8112490715023499,
    "objective": "binary",
    "random_state": 42,
    "n_jobs": -1,
    "num_leaves": 46,
    "min_child_samples": 10,
    "min_split_gain": 0.0002117803702389423,
    "reg_alpha": 2.349077984194577,
    "reg_lambda": 0.015600191175234859,
    "verbosity": -1
  },
  "best_valid_pr_auc": 0.8742179398362837,
  "threshold": 0.2,
  "threshold_search": {
    "precision_floor": 0.65,
    "step": 0.01,
    "found_threshold_meeting_precision_floor": true
  },
  "metrics_default_threshold_on_valid": {
    "accuracy": 0.9929635910944322,
    "precision": 0.8260542168674698,
    "recall": 0.7560303239145417,
    "f1": 0.7894926232457719,
    "roc_auc": 0.9948611013338745,
    "pr_auc": 0.8742179398362837
  },
  "metrics_threshold_selected_on_valid": {
    "threshold": 0.2,
    "accuracy": 0.989667905555756,
    "precision": 0.6567796610169492,
    "recall": 0.8545830461750517,
    "f1": 0.7427373465109314,
    "roc_auc": 0.9948611013338745,
    "pr_auc": 0.8742179398362837
  },
  "metrics_default_threshold_on_test": {
    "accuracy": 0.9928860816027052,
    "precision": 0.8218717683557394,
    "recall": 0.743799719232569,
    "f1": 0.7808892164087448,
    "roc_auc": 0.9943333229924181,
    "pr_auc": 0.862082925815118
  },
  "metrics_threshold_selected_on_test": {
    "threshold": 0.2,
    "accuracy": 0.989428812964558,
    "precision": 0.6441129461907299,
    "recall": 0.8486195601310248,
    "f1": 0.7323573952549217,
    "roc_auc": 0.9943333229924181,
    "pr_auc": 0.862082925815118
  },
  "model_path": "models/trained/trained_model.pkl",
  "target": "is_fraud",
  "use_smote": true,
  "fit_split": "train",
  "tuning_split": "valid",
  "final_metrics_split": "test",
  "mlflow_run_id": "cef9a0477f5e4eafb4b00d670397547c"
}