{
  "selected_model": "lightgbm",
  "dataset_branch": "tree",
  "best_params": {
    "n_estimators": 1381,
    "max_depth": 7,
    "learning_rate": 0.036568180034438985,
    "subsample": 0.7568009399349072,
    "colsample_bytree": 0.9655116130890009,
    "objective": "binary",
    "random_state": 42,
    "n_jobs": -1,
    "num_leaves": 32,
    "min_child_samples": 47,
    "min_split_gain": 0.0054822240934093375,
    "reg_alpha": 2.332897358146918,
    "reg_lambda": 0.00017107942177013732,
    "verbosity": -1
  },
  "best_valid_pr_auc": 0.8755520557937868,
  "threshold": 0.19,
  "threshold_search": {
    "precision_floor": 0.65,
    "step": 0.01,
    "found_threshold_meeting_precision_floor": true
  },
  "metrics_default_threshold_on_valid": {
    "accuracy": 0.9932282081814792,
    "precision": 0.8338345864661654,
    "recall": 0.7643004824259132,
    "f1": 0.7975548363897879,
    "roc_auc": 0.9949099837670501,
    "pr_auc": 0.8755520557937868
  },
  "metrics_threshold_selected_on_valid": {
    "threshold": 0.19,
    "accuracy": 0.9895957372592886,
    "precision": 0.6540483701366983,
    "recall": 0.8573397656788422,
    "f1": 0.7420220697882494,
    "roc_auc": 0.9949099837670501,
    "pr_auc": 0.8755520557937868
  },
  "metrics_default_threshold_on_test": {
    "accuracy": 0.9929379206941653,
    "precision": 0.8244749805548354,
    "recall": 0.7440336920917173,
    "f1": 0.7821916123478047,
    "roc_auc": 0.9943328977632477,
    "pr_auc": 0.8634517458081963
  },
  "metrics_threshold_selected_on_test": {
    "threshold": 0.19,
    "accuracy": 0.9893171595367978,
    "precision": 0.6408264170934134,
    "recall": 0.8490875058493215,
    "f1": 0.7304015296367112,
    "roc_auc": 0.9943328977632477,
    "pr_auc": 0.8634517458081963
  },
  "model_path": "models/trained/trained_model.pkl",
  "target": "is_fraud",
  "use_smote": true,
  "fit_split": "train",
  "tuning_split": "valid",
  "final_metrics_split": "test",
  "mlflow_run_id": "80ac3884f40a4833ad214943034e60a4"
}