{
  "selected_model": "lightgbm",
  "dataset_branch": "tree",
  "best_params": {
    "n_estimators": 386,
    "max_depth": 3,
    "learning_rate": 0.0661226633615094,
    "subsample": 0.71133280790479,
    "colsample_bytree": 0.7137257508784919,
    "objective": "binary",
    "random_state": 42,
    "n_jobs": -1,
    "num_leaves": 8,
    "min_child_samples": 14,
    "min_split_gain": 0.0006854661769439731,
    "reg_alpha": 0.6398997747180963,
    "reg_lambda": 0.07972856815886845,
    "verbosity": -1
  },
  "best_valid_pr_auc": 0.857411160688504,
  "threshold": 0.35,
  "threshold_search": {
    "precision_floor": 0.65,
    "step": 0.01,
    "found_threshold_meeting_precision_floor": true
  },
  "metrics_default_threshold_on_valid": {
    "accuracy": 0.9917968703015432,
    "precision": 0.7551426675514267,
    "recall": 0.7842866988283942,
    "f1": 0.7694388100067613,
    "roc_auc": 0.9939157063020576,
    "pr_auc": 0.857411160688504
  },
  "metrics_threshold_selected_on_valid": {
    "threshold": 0.35,
    "accuracy": 0.9895115409134101,
    "precision": 0.6588041689522764,
    "recall": 0.8277050310130944,
    "f1": 0.7336591325595602,
    "roc_auc": 0.9939157063020576,
    "pr_auc": 0.857411160688504
  },
  "metrics_default_threshold_on_test": {
    "accuracy": 0.9916100424283025,
    "precision": 0.7445897204688909,
    "recall": 0.772812353766963,
    "f1": 0.7584385763490241,
    "roc_auc": 0.9934538247269981,
    "pr_auc": 0.8449343315713946
  },
  "metrics_threshold_selected_on_test": {
    "threshold": 0.35,
    "accuracy": 0.9893450728937379,
    "precision": 0.6479497598817879,
    "recall": 0.8207767898923725,
    "f1": 0.7241948802642444,
    "roc_auc": 0.9934538247269981,
    "pr_auc": 0.8449343315713946
  },
  "model_path": "models/trained/trained_model.pkl",
  "target": "is_fraud",
  "use_smote": true,
  "fit_split": "train",
  "tuning_split": "valid",
  "final_metrics_split": "test",
  "mlflow_run_id": "a986ba18abd341e48606defc22562903"
}