{
  "selected_model": "lightgbm",
  "dataset_branch": "tree",
  "best_params": {
    "n_estimators": 1069,
    "max_depth": 8,
    "learning_rate": 0.0119138581501743,
    "subsample": 0.7845628423670775,
    "colsample_bytree": 0.9502397766525259,
    "objective": "binary",
    "random_state": 42,
    "n_jobs": -1,
    "num_leaves": 73,
    "min_child_samples": 12,
    "min_split_gain": 0.0033586662240322447,
    "reg_alpha": 3.6759678519031107,
    "reg_lambda": 2.8414834478969775,
    "verbosity": -1
  },
  "best_valid_pr_auc": 0.8664709068197581,
  "threshold": 0.21,
  "threshold_search": {
    "precision_floor": 0.65,
    "step": 0.01,
    "found_threshold_meeting_precision_floor": true
  },
  "metrics_default_threshold_on_valid": {
    "accuracy": 0.9926628898591515,
    "precision": 0.8071585098612125,
    "recall": 0.7615437629221227,
    "f1": 0.7836879432624113,
    "roc_auc": 0.9945726156728453,
    "pr_auc": 0.8664709068197581
  },
  "metrics_threshold_selected_on_valid": {
    "threshold": 0.21,
    "accuracy": 0.9894153165181202,
    "precision": 0.6505007907221929,
    "recall": 0.850447966919366,
    "f1": 0.7371565113500598,
    "roc_auc": 0.9945726156728453,
    "pr_auc": 0.8664709068197581
  },
  "metrics_default_threshold_on_test": {
    "accuracy": 0.9925032698503844,
    "precision": 0.7964338781575037,
    "recall": 0.7524567150210576,
    "f1": 0.7738209817131858,
    "roc_auc": 0.9941182804247191,
    "pr_auc": 0.8556242060703849
  },
  "metrics_threshold_selected_on_test": {
    "threshold": 0.21,
    "accuracy": 0.9889901744983571,
    "precision": 0.6328824872650624,
    "recall": 0.8430042115114647,
    "f1": 0.7229858533159426,
    "roc_auc": 0.9941182804247191,
    "pr_auc": 0.8556242060703849
  },
  "model_path": "models/trained/trained_model.pkl",
  "target": "is_fraud",
  "use_smote": true,
  "fit_split": "train",
  "tuning_split": "valid",
  "final_metrics_split": "test",
  "mlflow_run_id": "b7f767c25b624cfe83053ee1b6f20685"
}