model_name,display_name,selection_score,accuracy,precision,recall,f1_score,roc_auc,pr_auc,use_smote,run_id,dataset,baseline_params
lightgbm,Lightgbm,0.8720268859572449,0.9930958996379557,0.8231392778187178,0.7698139214334941,0.7955840455840456,0.994722570171855,0.8720268859572449,True,d0fdb11f59474427b73063b6577d40b5,tree,"{'n_estimators': 300, 'max_depth': -1, 'learning_rate': 0.05, 'subsample': 0.8, 'colsample_bytree': 0.8, 'objective': 'binary', 'random_state': 42, 'n_jobs': -1}"
xgboost,Xgboost,0.8650739441328633,0.992422328870927,0.7880701754385965,0.7739490006891798,0.7809457579972183,0.9943098620486103,0.8650739441328633,True,fb31ea7c3da842ecb1b4149b3f323876,tree,"{'n_estimators': 300, 'max_depth': 6, 'learning_rate': 0.05, 'subsample': 0.8, 'colsample_bytree': 0.8, 'objective': 'binary:logistic', 'eval_metric': 'logloss', 'random_state': 42, 'n_jobs': -1}"
catboost,Catboost,0.8645413861922611,0.9926749179085628,0.7998575498575499,0.7739490006891798,0.7866900175131348,0.9941455904130632,0.8645413861922611,True,de49191e14e749b4ae7aabbf5d426d3d,tree,"{'iterations': 300, 'depth': 6, 'learning_rate': 0.05, 'loss_function': 'Logloss', 'eval_metric': 'AUC', 'random_seed': 42, 'verbose': 0}"
logistic_regression,Logistic Regression,0.8274501728056529,0.9544858610279171,0.27131934914722605,0.9538249483115093,0.42246642246642246,0.9915860458049828,0.8274501728056529,True,e879acf8e69f44b39bf58a6d0daca3c9,log,"{'max_iter': 300, 'solver': 'liblinear', 'class_weight': 'balanced', 'random_state': 42}"
